{
    "sheet_name": "Truworths International Ltd",
    "accuracy": 0.8076923076923077,
    "classification_report": {
        "HIGH": {
            "precision": 0.8333333333333334,
            "recall": 0.8823529411764706,
            "f1-score": 0.8571428571428571,
            "support": 17.0
        },
        "LOW": {
            "precision": 0.75,
            "recall": 0.6666666666666666,
            "f1-score": 0.7058823529411765,
            "support": 9.0
        },
        "accuracy": 0.8076923076923077,
        "macro avg": {
            "precision": 0.7916666666666667,
            "recall": 0.7745098039215685,
            "f1-score": 0.7815126050420168,
            "support": 26.0
        },
        "weighted avg": {
            "precision": 0.8044871794871795,
            "recall": 0.8076923076923077,
            "f1-score": 0.8047834518422754,
            "support": 26.0
        }
    },
    "best_params": {
        "class_weight": null,
        "criterion": "gini",
        "max_depth": 2,
        "min_samples_leaf": 1,
        "min_samples_split": 2
    },
    "feature_importance": {
        "CurrentRatio": 0.0,
        "InflationAdjustedROE": 0.7387706855791961,
        "OperatingProfitMargin": 0.2612293144208039
    },
    "tree_structure": {
        "name": "Node 0",
        "feature": "ReturnOnEquity",
        "threshold": 27.030000686645508,
        "left": {
            "name": "Node 1",
            "feature": "ProfitMargin",
            "threshold": -3.7550000995397568,
            "left": {
                "name": "Leaf 2",
                "value": [
                    1.0,
                    0.0
                ],
                "class": "HIGH",
                "samples": 1
            },
            "right": {
                "name": "Leaf 3",
                "value": [
                    0.25,
                    0.75
                ],
                "class": "LOW",
                "samples": 1
            },
            "samples": 1
        },
        "right": {
            "name": "Leaf 4",
            "value": [
                0.625,
                0.375
            ],
            "class": "HIGH",
            "samples": 1
        },
        "samples": 1
    },
    "max_depth": 2,
    "pruned": true
}